date,value,chg_1m,chg_3m,chg_6m,chg_1y
2000-01-01,5.66,,,,
2000-02-01,5.62,-0.04,,,
2000-03-01,5.43,-0.19,,,
2000-04-01,5.33,-0.1,-0.33,,
2000-05-01,5.5,0.17,-0.12,,
2000-06-01,5.32,-0.18,-0.11,,
2000-07-01,5.4,0.08,0.07,-0.26,
2000-08-01,5.36,-0.04,-0.14,-0.26,
2000-09-01,5.42,0.06,0.1,-0.01,
2000-10-01,5.36,-0.06,-0.04,0.03,
2000-11-01,5.29,-0.07,-0.07,-0.21,
2000-12-01,5.04,-0.25,-0.38,-0.28,
2001-01-01,4.94,-0.1,-0.42,-0.46,-0.72
2001-02-01,4.93,-0.01,-0.36,-0.43,-0.69
2001-03-01,4.84,-0.09,-0.2,-0.58,-0.59
2001-04-01,5.0,0.16,0.06,-0.36,-0.33
2001-05-01,5.21,0.21,0.28,-0.08,-0.29
2001-06-01,5.15,-0.06,0.31,0.11,-0.17
2001-07-01,5.15,0.0,0.15,0.21,-0.25
2001-08-01,4.95,-0.2,-0.26,0.02,-0.41
2001-09-01,4.94,-0.01,-0.21,0.1,-0.48
2001-10-01,4.72,-0.22,-0.43,-0.28,-0.64
2001-11-01,4.57,-0.15,-0.38,-0.64,-0.72
2001-12-01,4.87,0.3,-0.07,-0.28,-0.17
2002-01-01,4.93,0.06,0.21,-0.22,-0.01
2002-02-01,4.99,0.06,0.42,0.04,0.06
2002-03-01,5.24,0.25,0.37,0.3,0.4
2002-04-01,5.24,0.0,0.31,0.52,0.24
2002-05-01,5.26,0.02,0.27,0.69,0.05
2002-06-01,5.11,-0.15,-0.13,0.24,-0.04
2002-07-01,4.96,-0.15,-0.28,0.03,-0.19
2002-08-01,4.67,-0.29,-0.59,-0.32,-0.28
2002-09-01,4.46,-0.21,-0.65,-0.78,-0.48
2002-10-01,4.55,0.09,-0.41,-0.69,-0.17
2002-11-01,4.53,-0.02,-0.14,-0.73,-0.04
2002-12-01,4.38,-0.15,-0.08,-0.73,-0.49
2003-01-01,4.22,-0.16,-0.33,-0.74,-0.71
2003-02-01,4.01,-0.21,-0.52,-0.66,-0.98
2003-03-01,4.1,0.09,-0.28,-0.36,-1.14
2003-04-01,4.22,0.12,0.0,-0.33,-1.02
2003-05-01,3.89,-0.33,-0.12,-0.64,-1.37
2003-06-01,3.69,-0.2,-0.41,-0.69,-1.42
2003-07-01,4.01,0.32,-0.21,-0.21,-0.95
2003-08-01,4.16,0.15,0.27,0.15,-0.51
2003-09-01,4.23,0.07,0.54,0.13,-0.23
2003-10-01,4.28,0.05,0.27,0.06,-0.27
2003-11-01,4.41,0.13,0.25,0.52,-0.12
2003-12-01,4.34,-0.07,0.11,0.65,-0.04
2004-01-01,4.2,-0.14,-0.08,0.19,-0.02
2004-02-01,4.14,-0.06,-0.27,-0.02,0.13
2004-03-01,3.98,-0.16,-0.36,-0.25,-0.12
2004-04-01,4.18,0.2,-0.02,-0.1,-0.04
2004-05-01,4.34,0.16,0.2,-0.07,0.45
2004-06-01,4.39,0.05,0.41,0.05,0.7
2004-07-01,4.27,-0.12,0.09,0.07,0.26
2004-08-01,4.11,-0.16,-0.23,-0.03,-0.05
2004-09-01,4.09,-0.02,-0.3,0.11,-0.14
2004-10-01,3.98,-0.11,-0.29,-0.2,-0.3
2004-11-01,3.86,-0.12,-0.25,-0.48,-0.55
2004-12-01,3.64,-0.22,-0.45,-0.75,-0.7
2005-01-01,3.58,-0.06,-0.4,-0.69,-0.62
2005-02-01,3.6,0.02,-0.26,-0.51,-0.54
2005-03-01,3.75,0.15,0.11,-0.34,-0.23
2005-04-01,3.54,-0.21,-0.04,-0.44,-0.64
2005-05-01,3.38,-0.16,-0.22,-0.48,-0.96
2005-06-01,3.2,-0.18,-0.55,-0.44,-1.19
2005-07-01,3.27,0.07,-0.27,-0.31,-1.0
2005-08-01,3.3,0.03,-0.08,-0.3,-0.81
2005-09-01,3.13,-0.17,-0.07,-0.62,-0.96
2005-10-01,3.29,0.16,0.02,-0.25,-0.69
2005-11-01,3.5,0.21,0.2,0.12,-0.36
2005-12-01,3.38,-0.12,0.25,0.18,-0.26
2006-01-01,3.34,-0.04,0.05,0.07,-0.24
2006-02-01,3.51,0.17,0.01,0.21,-0.09
2006-03-01,3.69,0.18,0.31,0.56,-0.06
2006-04-01,3.95,0.26,0.61,0.66,0.41
2006-05-01,4.0,0.05,0.49,0.5,0.62
2006-06-01,4.01,0.01,0.32,0.63,0.81
2006-07-01,4.03,0.02,0.08,0.69,0.76
2006-08-01,3.9,-0.13,-0.1,0.39,0.6
2006-09-01,3.77,-0.13,-0.24,0.08,0.64
2006-10-01,3.81,0.04,-0.22,-0.14,0.52
2006-11-01,3.74,-0.07,-0.16,-0.26,0.24
2006-12-01,3.81,0.07,0.04,-0.2,0.43
2007-01-01,4.07,0.26,0.26,0.04,0.73
2007-02-01,4.1,0.03,0.36,0.2,0.59
2007-03-01,4.0,-0.1,0.19,0.23,0.31
2007-04-01,4.21,0.21,0.14,0.4,0.26
2007-05-01,4.34,0.13,0.24,0.6,0.34
2007-06-01,4.62,0.28,0.62,0.81,0.61
2007-07-01,4.58,-0.04,0.37,0.51,0.55
2007-08-01,4.39,-0.19,0.05,0.29,0.49
2007-09-01,4.36,-0.03,-0.26,0.36,0.59
2007-10-01,4.4,0.04,-0.18,0.19,0.59
2007-11-01,4.23,-0.17,-0.16,-0.11,0.49
2007-12-01,4.35,0.12,-0.01,-0.27,0.54
2008-01-01,4.15,-0.2,-0.25,-0.43,0.08
2008-02-01,4.08,-0.07,-0.15,-0.31,-0.02
2008-03-01,4.02,-0.06,-0.33,-0.34,0.02
2008-04-01,4.27,0.25,0.12,-0.13,0.06
2008-05-01,4.41,0.14,0.33,0.18,0.07
2008-06-01,4.73,0.32,0.71,0.38,0.11
2008-07-01,4.69,-0.04,0.42,0.54,0.11
2008-08-01,4.4,-0.29,-0.01,0.32,0.01
2008-09-01,4.36,-0.04,-0.37,0.34,0.0
2008-10-01,4.18,-0.18,-0.51,-0.09,-0.22
2008-11-01,3.98,-0.2,-0.42,-0.43,-0.25
2008-12-01,3.54,-0.44,-0.82,-1.19,-0.81
2009-01-01,3.6,0.06,-0.58,-1.09,-0.55
2009-02-01,3.68,0.08,-0.3,-0.72,-0.4
2009-03-01,3.65,-0.03,0.11,-0.71,-0.37
2009-04-01,3.66,0.01,0.06,-0.52,-0.61
2009-05-01,3.8,0.14,0.12,-0.18,-0.61
2009-06-01,3.9,0.1,0.25,0.36,-0.83
2009-07-01,3.73,-0.17,0.07,0.13,-0.96
2009-08-01,3.59,-0.14,-0.21,-0.09,-0.81
2009-09-01,3.59,0.0,-0.31,-0.06,-0.77
2009-10-01,3.56,-0.03,-0.17,-0.1,-0.62
2009-11-01,3.56,0.0,-0.03,-0.24,-0.42
2009-12-01,3.48,-0.08,-0.11,-0.42,-0.06
2010-01-01,3.52,0.04,-0.04,-0.21,-0.08
2010-02-01,3.5,-0.02,-0.06,-0.09,-0.18
2010-03-01,3.44,-0.06,-0.04,-0.15,-0.21
2010-04-01,3.4,-0.04,-0.12,-0.16,-0.26
2010-05-01,3.08,-0.32,-0.42,-0.48,-0.72
2010-06-01,3.07,-0.01,-0.37,-0.41,-0.83
2010-07-01,2.99,-0.08,-0.41,-0.53,-0.74
2010-08-01,2.68,-0.31,-0.4,-0.82,-0.91
2010-09-01,2.68,0.0,-0.39,-0.76,-0.91
2010-10-01,2.72,0.04,-0.27,-0.68,-0.84
2010-11-01,3.0,0.28,0.32,-0.08,-0.56
2010-12-01,3.34,0.34,0.66,0.27,-0.14
2011-01-01,3.44,0.1,0.72,0.45,-0.08
2011-02-01,3.6,0.16,0.6,0.92,0.1
2011-03-01,3.61,0.01,0.27,0.93,0.17
2011-04-01,3.69,0.08,0.25,0.97,0.29
2011-05-01,3.49,-0.2,-0.11,0.49,0.41
2011-06-01,3.43,-0.06,-0.18,0.09,0.36
2011-07-01,3.4,-0.03,-0.29,-0.04,0.41
2011-08-01,2.98,-0.42,-0.51,-0.62,0.3
2011-09-01,2.64,-0.34,-0.79,-0.97,-0.04
2011-10-01,2.99,0.35,-0.41,-0.7,0.27
2011-11-01,3.41,0.42,0.43,-0.08,0.41
2011-12-01,3.16,-0.25,0.52,-0.27,-0.18
2012-01-01,3.18,0.02,0.19,-0.22,-0.26
2012-02-01,3.02,-0.16,-0.39,0.04,-0.58
2012-03-01,2.95,-0.07,-0.21,0.31,-0.66
2012-04-01,2.99,0.04,-0.19,0.0,-0.7
2012-05-01,2.75,-0.24,-0.27,-0.66,-0.74
2012-06-01,2.57,-0.18,-0.38,-0.59,-0.86
2012-07-01,2.28,-0.29,-0.71,-0.9,-1.12
2012-08-01,2.12,-0.16,-0.63,-0.9,-0.86
2012-09-01,2.24,0.12,-0.33,-0.71,-0.4
2012-10-01,2.19,-0.05,-0.09,-0.8,-0.8
2012-11-01,2.14,-0.05,0.02,-0.61,-1.27
2012-12-01,2.01,-0.13,-0.23,-0.56,-1.15
2013-01-01,2.17,0.16,-0.02,-0.11,-1.01
2013-02-01,2.24,0.07,0.1,0.12,-0.78
2013-03-01,2.07,-0.17,0.06,-0.17,-0.88
2013-04-01,1.8,-0.27,-0.37,-0.39,-1.19
2013-05-01,1.87,0.07,-0.37,-0.27,-0.88
2013-06-01,2.21,0.34,0.14,0.2,-0.36
2013-07-01,2.25,0.04,0.45,0.08,-0.03
2013-08-01,2.36,0.11,0.49,0.12,0.24
2013-09-01,2.49,0.13,0.28,0.42,0.25
2013-10-01,2.39,-0.1,0.14,0.59,0.2
2013-11-01,2.27,-0.12,-0.09,0.4,0.13
2013-12-01,2.33,0.06,-0.16,0.12,0.32
2014-01-01,2.38,0.05,-0.01,0.13,0.21
2014-02-01,2.25,-0.13,-0.02,-0.11,0.01
2014-03-01,2.15,-0.1,-0.18,-0.34,0.08
2014-04-01,2.03,-0.12,-0.35,-0.36,0.23
2014-05-01,1.84,-0.19,-0.41,-0.43,-0.03
2014-06-01,1.71,-0.13,-0.44,-0.62,-0.5
2014-07-01,1.56,-0.15,-0.47,-0.82,-0.69
2014-08-01,1.41,-0.15,-0.43,-0.84,-0.95
2014-09-01,1.35,-0.06,-0.36,-0.8,-1.14
2014-10-01,1.26,-0.09,-0.3,-0.77,-1.13
2014-11-01,1.14,-0.12,-0.27,-0.7,-1.13
2014-12-01,0.92,-0.22,-0.43,-0.79,-1.41
2015-01-01,0.67,-0.25,-0.59,-0.89,-1.71
2015-02-01,0.6,-0.07,-0.54,-0.81,-1.65
2015-03-01,0.51,-0.09,-0.41,-0.84,-1.64
2015-04-01,0.44,-0.07,-0.23,-0.82,-1.59
2015-05-01,0.89,0.45,0.29,-0.25,-0.95
2015-06-01,1.2,0.31,0.69,0.28,-0.51
2015-07-01,1.11,-0.09,0.67,0.44,-0.45
2015-08-01,1.01,-0.1,0.12,0.41,-0.4
2015-09-01,1.0,-0.01,-0.2,0.49,-0.35
2015-10-01,0.87,-0.13,-0.24,0.43,-0.39
2015-11-01,0.88,0.01,-0.13,-0.01,-0.26
2015-12-01,0.93,0.05,-0.07,-0.27,0.01
2016-01-01,0.84,-0.09,-0.03,-0.27,0.17
2016-02-01,0.59,-0.25,-0.29,-0.42,-0.01
2016-03-01,0.51,-0.08,-0.42,-0.49,0.0
2016-04-01,0.51,0.0,-0.33,-0.36,0.07
2016-05-01,0.51,0.0,-0.08,-0.37,-0.38
2016-06-01,0.39,-0.12,-0.12,-0.54,-0.81
2016-07-01,0.17,-0.22,-0.34,-0.67,-0.94
2016-08-01,0.15,-0.02,-0.36,-0.44,-0.86
2016-09-01,0.18,0.03,-0.21,-0.33,-0.82
2016-10-01,0.33,0.15,0.16,-0.18,-0.54
2016-11-01,0.67,0.34,0.52,0.16,-0.21
2016-12-01,0.75,0.08,0.57,0.36,-0.18
2017-01-01,0.86,0.11,0.53,0.69,0.02
2017-02-01,1.03,0.17,0.36,0.88,0.44
2017-03-01,1.02,-0.01,0.27,0.84,0.51
2017-04-01,0.88,-0.14,0.02,0.55,0.37
2017-05-01,0.81,-0.07,-0.22,0.14,0.3
2017-06-01,0.66,-0.15,-0.36,-0.09,0.27
2017-07-01,0.84,0.18,-0.04,-0.02,0.67
2017-08-01,0.71,-0.13,-0.1,-0.32,0.56
2017-09-01,0.7,-0.01,0.04,-0.32,0.52
2017-10-01,0.81,0.11,-0.03,-0.07,0.48
2017-11-01,0.72,-0.09,0.01,-0.09,0.05
2017-12-01,0.67,-0.05,-0.03,0.01,-0.08
2018-01-01,0.85,0.18,0.04,0.01,-0.01
2018-02-01,0.98,0.13,0.26,0.27,-0.05
2018-03-01,0.83,-0.15,0.16,0.13,-0.19
2018-04-01,0.78,-0.05,-0.07,-0.03,-0.1
2018-05-01,0.79,0.01,-0.19,0.07,-0.02
2018-06-01,0.75,-0.04,-0.08,0.08,0.09
2018-07-01,0.67,-0.08,-0.11,-0.18,-0.17
2018-08-01,0.7,0.03,-0.09,-0.28,-0.01
2018-09-01,0.77,0.07,0.02,-0.06,0.07
2018-10-01,0.82,0.05,0.15,0.04,0.01
2018-11-01,0.76,-0.06,0.06,-0.03,0.04
2018-12-01,0.7,-0.06,-0.07,-0.05,0.03
2019-01-01,0.65,-0.05,-0.17,-0.02,-0.2
2019-02-01,0.55,-0.1,-0.21,-0.15,-0.43
2019-03-01,0.44,-0.11,-0.26,-0.33,-0.39
2019-04-01,0.37,-0.07,-0.28,-0.45,-0.41
2019-05-01,0.3,-0.07,-0.25,-0.46,-0.49
2019-06-01,0.08,-0.22,-0.36,-0.62,-0.67
2019-07-01,-0.07,-0.15,-0.44,-0.72,-0.74
2019-08-01,-0.34,-0.27,-0.64,-0.89,-1.04
2019-09-01,-0.27,0.07,-0.35,-0.71,-1.04
2019-10-01,-0.16,0.11,-0.09,-0.53,-0.98
2019-11-01,-0.02,0.14,0.32,-0.32,-0.78
2019-12-01,0.04,0.06,0.31,-0.04,-0.66
2020-01-01,-0.01,-0.05,0.15,0.06,-0.66
2020-02-01,-0.18,-0.17,-0.16,0.16,-0.73
2020-03-01,-0.05,0.13,-0.09,0.22,-0.49
2020-04-01,0.06,0.11,0.07,0.22,-0.31
2020-05-01,-0.03,-0.09,0.15,-0.01,-0.33
2020-06-01,-0.04,-0.01,0.01,-0.08,-0.12
2020-07-01,-0.15,-0.11,-0.21,-0.14,-0.08
2020-08-01,-0.17,-0.02,-0.14,0.01,0.17
2020-09-01,-0.21,-0.04,-0.17,-0.16,0.06
2020-10-01,-0.3,-0.09,-0.15,-0.36,-0.14
2020-11-01,-0.32,-0.02,-0.15,-0.29,-0.3
2020-12-01,-0.34,-0.02,-0.13,-0.3,-0.38
2021-01-01,-0.31,0.03,-0.01,-0.16,-0.3
2021-02-01,-0.15,0.16,0.17,0.02,0.03
2021-03-01,-0.07,0.08,0.27,0.14,-0.02
2021-04-01,-0.01,0.06,0.3,0.29,-0.07
2021-05-01,0.21,0.22,0.36,0.53,0.24
2021-06-01,0.15,-0.06,0.22,0.49,0.19
2021-07-01,-0.01,-0.16,0.0,0.3,0.14
2021-08-01,-0.12,-0.11,-0.33,0.03,0.05
2021-09-01,0.04,0.16,-0.11,0.11,0.25
2021-10-01,0.2,0.16,0.21,0.21,0.5
2021-11-01,0.1,-0.1,0.22,-0.11,0.42
2021-12-01,0.05,-0.05,0.01,-0.1,0.39
2022-01-01,0.31,0.26,0.11,0.32,0.62
2022-02-01,0.68,0.37,0.58,0.8,0.83
2022-03-01,0.78,0.1,0.73,0.74,0.85
2022-04-01,1.28,0.5,0.97,1.08,1.29
2022-05-01,1.52,0.24,0.84,1.42,1.31
2022-06-01,2.06,0.54,1.28,2.01,1.91
2022-07-01,1.71,-0.35,0.43,1.4,1.72
2022-08-01,1.69,-0.02,0.17,1.01,1.81
2022-09-01,2.41,0.72,0.35,1.63,2.37
2022-10-01,2.77,0.36,1.06,1.49,2.57
2022-11-01,2.58,-0.19,0.89,1.06,2.48
2022-12-01,2.62,0.04,0.21,0.56,2.57
2023-01-01,2.69,0.07,-0.08,0.98,2.38
2023-02-01,2.87,0.18,0.29,1.18,2.19
2023-03-01,2.92,0.05,0.3,0.51,2.14
2023-04-01,2.9,-0.02,0.21,0.13,1.62
2023-05-01,2.94,0.04,0.07,0.36,1.42
2023-06-01,2.93,-0.01,0.01,0.31,0.87
2023-07-01,3.04,0.11,0.14,0.35,1.33
2023-08-01,3.11,0.07,0.17,0.24,1.42
2023-09-01,3.24,0.13,0.31,0.32,0.83
2023-10-01,3.45,0.21,0.41,0.55,0.68
2023-11-01,3.19,-0.26,0.08,0.25,0.61
2023-12-01,2.65,-0.54,-0.59,-0.28,0.03
2024-01-01,2.74,0.09,-0.71,-0.3,0.05
2024-02-01,2.85,0.11,-0.34,-0.26,-0.02
2024-03-01,2.82,-0.03,0.17,-0.42,-0.1
2024-04-01,2.97,0.15,0.23,-0.48,0.07
2024-05-01,3.03,0.06,0.18,-0.16,0.09
2024-06-01,3.15,0.12,0.33,0.5,0.22
2024-07-01,3.14,-0.01,0.17,0.4,0.1
2024-08-01,2.94,-0.2,-0.09,0.09,-0.17
2024-09-01,2.9,-0.04,-0.25,0.08,-0.34
2024-10-01,2.99,0.09,-0.15,0.02,-0.46
2024-11-01,3.09,0.1,0.15,0.06,-0.1
2024-12-01,3.01,-0.08,0.11,-0.14,0.36
2025-01-01,3.32,0.31,0.33,0.18,0.58
2025-02-01,3.15,-0.17,0.06,0.21,0.3
2025-03-01,3.43,0.28,0.42,0.53,0.61
2025-04-01,3.26,-0.17,-0.06,0.27,0.29
2025-05-01,3.26,0.0,0.11,0.17,0.23
2025-06-01,3.24,-0.02,-0.19,0.23,0.09
2025-07-01,3.36,0.12,0.1,0.04,0.22
2025-08-01,3.42,0.06,0.16,0.27,0.48
2025-09-01,3.51,0.09,0.27,0.08,0.61
2025-10-01,3.44,-0.07,0.08,0.18,0.45
2025-11-01,3.44,0.0,0.02,0.18,0.35
2025-12-01,3.56,0.12,0.05,0.32,0.55
2026-01-01,3.53,-0.03,0.09,0.17,0.21
2026-02-01,3.4,-0.13,-0.04,-0.02,0.25
2026-03-01,3.64,0.24,0.08,0.13,0.21
2026-04-01,3.73,0.09,0.2,0.29,0.47
2026-05-01,3.74,0.01,0.34,0.3,0.48
2026-06-01,3.68,-0.06,0.04,0.12,0.44
