date,value,yoy_pct,mom_pct,3m_ann,6m_ann
2000-01-01,4666.1,,,,
2000-02-01,4678.7,,0.27,,
2000-03-01,4709.1,,0.6498,,
2000-04-01,4766.4,,1.2168,8.8794,
2000-05-01,4757.5,,-0.1867,6.909,
2000-06-01,4775.8,,0.3847,5.7871,
2000-07-01,4793.4,,0.3685,2.2852,5.5308
2000-08-01,4820.4,,0.5633,5.3943,6.149
2000-09-01,4855.9,,0.7365,6.8795,6.3319
2000-10-01,4871.4,,0.3192,6.6696,4.4544
2000-11-01,4882.6,,0.2299,5.2622,5.3282
2000-12-01,4927.3,,0.9155,6.0125,6.4451
2001-01-01,4976.8,6.6587,1.0046,8.9396,7.7986
2001-02-01,5014.9,7.1858,0.7656,11.287,8.2327
2001-03-01,5072.2,7.7106,1.1426,12.2922,9.1072
2001-04-01,5137.9,7.7941,1.2953,13.5905,11.2407
2001-05-01,5139.1,8.021,0.0234,10.2806,10.7827
2001-06-01,5182.3,8.5117,0.8406,8.9694,10.6183
2001-07-01,5212.0,8.7328,0.5731,5.8949,9.6752
2001-08-01,5244.4,8.796,0.6216,8.4513,9.3622
2001-09-01,5355.9,10.2968,2.1261,14.0879,11.4993
2001-10-01,5344.0,9.7015,-0.2222,10.5219,8.1836
2001-11-01,5387.5,10.3408,0.814,11.3694,9.9007
2001-12-01,5440.1,10.4073,0.9763,6.4382,10.1967
2002-01-01,5459.6,9.701,0.3584,8.9375,9.7268
2002-02-01,5488.4,9.4419,0.5275,7.7045,9.5216
2002-03-01,5499.8,8.4303,0.2077,4.4624,5.4457
2002-04-01,5501.3,7.0729,0.0273,3.0904,5.9736
2002-05-01,5530.1,7.6083,0.5235,3.0739,5.3638
2002-06-01,5555.3,7.1976,0.4557,4.098,4.2801
2002-07-01,5597.6,7.3983,0.7614,7.188,5.1192
2002-08-01,5638.5,7.5147,0.7307,8.0743,5.5445
2002-09-01,5662.9,5.732,0.4327,7.9756,6.0191
2002-10-01,5707.3,6.7983,0.7841,8.0725,7.6294
2002-11-01,5758.0,6.877,0.8883,8.7508,8.412
2002-12-01,5779.0,6.2297,0.3647,8.4564,8.2157
2003-01-01,5811.1,6.4382,0.5555,7.4758,7.7737
2003-02-01,5846.8,6.5301,0.6143,6.313,7.525
2003-03-01,5866.3,6.6639,0.3335,6.1809,7.3126
2003-04-01,5904.9,7.3364,0.658,6.6146,7.0443
2003-05-01,5967.0,7.9004,1.0517,8.4804,7.3912
2003-06-01,6003.9,8.0752,0.6184,9.7177,7.9348
2003-07-01,6050.4,8.0892,0.7745,10.2265,8.4055
2003-08-01,6107.0,8.3089,0.9355,9.7204,9.0986
2003-09-01,6080.0,7.3655,-0.4421,5.1672,7.4184
2003-10-01,6070.2,6.3585,-0.1612,1.3154,5.6771
2003-11-01,6075.5,5.5141,0.0873,-2.0473,3.6697
2003-12-01,6073.5,5.096,-0.0329,-0.4269,2.3319
2004-01-01,6081.3,4.6497,0.1284,0.7335,1.024
2004-02-01,6120.7,4.6846,0.6479,3.0093,0.4492
2004-03-01,6156.3,4.9435,0.5816,5.5657,2.5256
2004-04-01,6198.5,4.9721,0.6855,7.9346,4.2719
2004-05-01,6277.2,5.1986,1.2697,10.6266,6.75
2004-06-01,6279.3,4.587,0.0335,8.2345,6.8918
2004-07-01,6292.3,3.9981,0.207,6.1919,7.0597
2004-08-01,6317.7,3.4501,0.4037,2.6059,6.5408
2004-09-01,6352.3,4.4786,0.5477,4.7319,6.4688
2004-10-01,6379.9,5.102,0.4345,5.6861,5.9387
2004-11-01,6406.3,5.4448,0.4138,5.7287,4.1556
2004-12-01,6424.3,5.7759,0.281,4.6115,4.6717
2005-01-01,6429.9,5.7323,0.0872,3.1719,4.4214
2005-02-01,6437.7,5.1791,0.1213,1.975,3.8349
2005-03-01,6446.6,4.7155,0.1382,1.3957,2.991
2005-04-01,6461.4,4.2413,0.2296,1.974,2.5712
2005-05-01,6480.6,3.2403,0.2971,2.6923,2.333
2005-06-01,6513.2,3.7249,0.503,4.1969,2.7868
2005-07-01,6545.1,4.0176,0.4898,5.2831,3.6154
2005-08-01,6576.7,4.0996,0.4828,6.0648,4.3649
2005-09-01,6610.2,4.0599,0.5094,6.0915,5.1399
2005-10-01,6644.0,4.1396,0.5113,6.1826,5.7319
2005-11-01,6660.6,3.9695,0.2498,5.2013,5.6322
2005-12-01,6687.4,4.0954,0.4024,4.754,5.4207
2006-01-01,6728.4,4.6424,0.6131,5.1789,5.6796
2006-02-01,6753.1,4.8993,0.3671,5.6719,5.4363
2006-03-01,6766.9,4.9685,0.2044,4.8407,4.7974
2006-04-01,6806.3,5.3379,0.5822,4.7122,4.9453
2006-05-01,6815.7,5.1708,0.1381,3.7598,4.7115
2006-06-01,6854.0,5.2325,0.5619,5.2489,5.0446
2006-07-01,6896.1,5.3628,0.6142,5.3828,5.047
2006-08-01,6926.4,5.3173,0.4394,6.6568,5.1983
2006-09-01,6952.8,5.1829,0.3812,5.8919,5.5699
2006-10-01,7002.1,5.3898,0.7091,6.2916,5.8362
2006-11-01,7037.3,5.6556,0.5027,6.5599,6.6083
2006-12-01,7079.3,5.8603,0.5968,7.4787,6.6823
2007-01-01,7115.6,5.7547,0.5128,6.6431,6.4672
2007-02-01,7131.9,5.6093,0.2291,5.4865,6.0218
2007-03-01,7164.7,5.8786,0.4599,4.9134,6.1883
2007-04-01,7239.9,6.3706,1.0496,7.1727,6.9076
2007-05-01,7257.1,6.4762,0.2376,7.2091,6.3443
2007-06-01,7290.6,6.37,0.4616,7.2164,6.0586
2007-07-01,7321.8,6.1731,0.4279,4.6023,5.8797
2007-08-01,7397.0,6.7943,1.0271,7.9369,7.5724
2007-09-01,7413.8,6.6304,0.2271,6.9327,7.0744
2007-10-01,7429.0,6.0967,0.205,5.9864,5.2921
2007-11-01,7454.0,5.9213,0.3365,3.1181,5.5
2007-12-01,7482.7,5.6983,0.385,3.7695,5.3392
2008-01-01,7513.6,5.5933,0.413,4.6335,5.3078
2008-02-01,7600.3,6.5677,1.1539,8.085,5.5724
2008-03-01,7664.9,6.9815,0.85,10.1013,6.8886
2008-04-01,7711.4,6.5125,0.6067,10.9534,7.7471
2008-05-01,7728.3,6.493,0.2192,6.9087,7.4952
2008-06-01,7747.3,6.2642,0.2458,4.37,7.1974
2008-07-01,7794.9,6.4615,0.6144,4.4021,7.6279
2008-08-01,7808.8,5.5671,0.1783,4.2321,5.5619
2008-09-01,7873.6,6.2019,0.8298,6.6822,5.5197
2008-10-01,7976.3,7.3671,1.3044,9.6387,6.9884
2008-11-01,8027.8,7.6979,0.6457,11.6989,7.9009
2008-12-01,8203.0,9.6262,2.1824,17.8142,12.1101
2009-01-01,8284.2,10.2561,0.9899,16.358,12.9484
2009-02-01,8314.7,9.3996,0.3682,15.0801,13.3769
2009-03-01,8380.5,9.3361,0.7914,8.9404,13.2904
2009-04-01,8390.2,8.8026,0.1157,5.2173,10.6475
2009-05-01,8452.9,9.3759,0.7473,6.8161,10.8711
2009-06-01,8462.9,9.2368,0.1183,3.9913,6.4371
2009-07-01,8467.3,8.6262,0.052,3.7267,4.4693
2009-08-01,8466.2,8.4187,-0.013,0.6309,3.6773
2009-09-01,8462.7,7.482,-0.0413,-0.0095,1.9713
2009-10-01,8489.2,6.4303,0.3131,1.0386,2.3738
2009-11-01,8517.9,6.105,0.3381,2.4651,1.5438
2009-12-01,8510.6,3.7498,-0.0857,2.2833,1.1305
2010-01-01,8473.1,2.2802,-0.4406,-0.7565,0.137
2010-02-01,8523.4,2.51,0.5936,0.2585,1.3558
2010-03-01,8519.0,1.6526,-0.0516,0.3954,1.335
2010-04-01,8554.3,1.9559,0.4144,3.8888,1.5396
2010-05-01,8612.0,1.8822,0.6745,4.2232,2.2217
2010-06-01,8631.0,1.9863,0.2206,5.3635,2.8494
2010-07-01,8642.3,2.0668,0.1309,4.1788,4.0337
2010-08-01,8690.5,2.6494,0.5577,3.6962,3.9594
2010-09-01,8719.6,3.0357,0.3348,4.1698,4.7649
2010-10-01,8769.8,3.3054,0.5757,6.0331,5.1019
2010-11-01,8790.3,3.198,0.2338,4.6733,4.1836
2010-12-01,8822.0,3.659,0.3606,4.7809,4.4749
2011-01-01,8844.5,4.3833,0.255,3.4509,4.734
2011-02-01,8909.9,4.5346,0.7394,5.5544,5.1129
2011-03-01,8967.7,5.2671,0.6487,6.7717,5.7716
2011-04-01,9033.6,5.603,0.7349,8.8304,6.1066
2011-05-01,9109.4,5.7757,0.8391,9.2617,7.3921
2011-06-01,9184.2,6.4095,0.8211,10.0122,8.3799
2011-07-01,9346.9,8.1529,1.7715,14.6112,11.6834
2011-08-01,9532.5,9.6887,1.9857,19.9135,14.4637
2011-09-01,9553.3,9.5612,0.2182,17.0707,13.4866
2011-10-01,9586.2,9.3092,0.3444,10.6409,12.6085
2011-11-01,9639.5,9.6606,0.556,4.5661,11.9772
2011-12-01,9683.5,9.7654,0.4565,5.564,11.1686
2012-01-01,9753.3,10.2753,0.7208,7.157,8.885
2012-02-01,9806.3,10.0607,0.5434,7.1033,5.8271
2012-03-01,9849.3,9.8308,0.4385,7.0267,6.2928
2012-04-01,9905.0,9.6462,0.5655,6.3681,6.7618
2012-05-01,9951.9,9.2487,0.4735,6.0726,6.5867
2012-06-01,10023.7,9.1407,0.7215,7.2731,7.1498
2012-07-01,10076.0,7.8004,0.5218,7.0865,6.7267
2012-08-01,10147.8,6.4548,0.7126,8.1094,7.0862
2012-09-01,10228.4,7.0667,0.7943,8.4223,7.8462
2012-10-01,10294.4,7.3877,0.6453,8.9561,8.0173
2012-11-01,10365.6,7.5325,0.6916,8.8655,8.4868
2012-12-01,10485.4,8.2811,1.1557,10.4356,9.4243
2013-01-01,10502.3,7.6795,0.1612,8.3262,8.6407
2013-02-01,10523.0,7.3086,0.1971,6.2137,7.5314
2013-03-01,10578.7,7.4056,0.5293,3.607,6.9668
2013-04-01,10608.9,7.1065,0.2855,4.1223,6.2035
2013-05-01,10646.5,6.9796,0.3544,4.7778,5.4933
2013-06-01,10705.6,6.8029,0.5551,4.8854,4.2442
2013-07-01,10743.0,6.6197,0.3493,5.1528,4.6363
2013-08-01,10803.6,6.4625,0.5641,6.0343,5.4042
2013-09-01,10865.8,6.2317,0.5757,6.1214,5.5015
2013-10-01,10989.2,6.7493,1.1357,9.4869,7.298
2013-11-01,10999.8,6.1183,0.0965,7.4645,6.747
2013-12-01,11062.4,5.5029,0.5691,7.4362,6.7767
2014-01-01,11127.5,5.953,0.5885,5.1299,7.2862
2014-02-01,11191.9,6.3566,0.5787,7.1707,7.3175
2014-03-01,11228.8,6.1454,0.3297,6.1539,6.7931
2014-04-01,11276.0,6.2881,0.4203,5.4459,5.2878
2014-05-01,11343.1,6.543,0.5951,5.5144,6.3393
2014-06-01,11398.4,6.4714,0.4875,6.1799,6.1669
2014-07-01,11452.5,6.6043,0.4746,6.4096,5.9267
2014-08-01,11477.8,6.2405,0.2209,4.8353,5.1743
2014-09-01,11520.7,6.0272,0.3738,4.3614,5.2667
2014-10-01,11596.5,5.5263,0.6579,5.1251,5.7654
2014-11-01,11638.9,5.8101,0.3656,5.7336,5.2835
2014-12-01,11721.2,5.9553,0.7071,7.1452,5.7442
2015-01-01,11806.2,6.0993,0.7252,7.4318,6.2722
2015-02-01,11920.7,6.5119,0.9698,10.0422,7.8664
2015-03-01,11919.1,6.1476,-0.0134,6.9265,7.0358
2015-04-01,11953.4,6.0074,0.2878,5.0813,6.25
2015-05-01,11981.9,5.6316,0.2384,2.0694,5.9809
2015-06-01,12020.9,5.4613,0.3255,3.4604,5.1792
2015-07-01,12063.5,5.3351,0.3544,3.7355,4.4062
2015-08-01,12110.1,5.5089,0.3863,4.349,3.2029
2015-09-01,12172.7,5.6594,0.5169,5.1477,4.3006
2015-10-01,12228.4,5.4491,0.4576,5.5809,4.6541
2015-11-01,12322.7,5.8751,0.7712,7.2093,5.7695
2015-12-01,12393.6,5.7366,0.5754,7.4589,6.297
2016-01-01,12522.2,6.0646,1.0376,9.9623,7.7493
2016-02-01,12604.4,5.7354,0.6564,9.4625,8.33
2016-03-01,12662.2,6.2345,0.4586,8.9549,8.2043
2016-04-01,12741.9,6.5964,0.6294,7.2048,8.5748
2016-05-01,12800.7,6.8336,0.4615,6.3766,7.9085
2016-06-01,12849.3,6.8913,0.3797,6.0428,7.489
2016-07-01,12907.3,6.9947,0.4514,5.2943,6.2453
2016-08-01,12986.7,7.2386,0.6152,5.9401,6.1581
2016-09-01,13052.7,7.2293,0.5082,6.4838,6.2631
2016-10-01,13124.5,7.328,0.5501,6.9029,6.0955
2016-11-01,13214.2,7.2346,0.6835,7.1935,6.5649
2016-12-01,13240.6,6.8342,0.1998,5.8837,6.1833
2017-01-01,13318.9,6.3623,0.5914,6.0577,6.4795
2017-02-01,13395.2,6.274,0.5729,5.5926,6.39
2017-03-01,13464.6,6.337,0.5181,6.9407,6.4109
2017-04-01,13520.3,6.109,0.4137,6.1871,6.1224
2017-05-01,13567.4,5.9895,0.3484,5.2421,5.4172
2017-06-01,13577.0,5.6633,0.0708,3.3812,5.1459
2017-07-01,13638.5,5.665,0.453,3.5431,4.8568
2017-08-01,13695.0,5.454,0.4143,3.8154,4.5263
2017-09-01,13743.0,5.2886,0.3505,4.9811,4.178
2017-10-01,13801.5,5.1583,0.4257,4.867,4.2029
2017-11-01,13849.1,4.8047,0.3449,4.5775,4.1957
2017-12-01,13887.3,4.8842,0.2758,4.2666,4.6232
2018-01-01,13902.4,4.381,0.1087,2.9565,3.9074
2018-02-01,13949.8,4.1403,0.3409,2.9404,3.7557
2018-03-01,14014.5,4.084,0.4638,3.7144,3.9901
2018-04-01,14034.8,3.8054,0.1448,3.8642,3.4094
2018-05-01,14091.0,3.8593,0.4004,4.1107,3.5239
2018-06-01,14133.2,4.0966,0.2995,3.4312,3.5727
2018-07-01,14170.0,3.8971,0.2604,3.9093,3.8867
2018-08-01,14221.3,3.843,0.362,3.7504,3.9304
2018-09-01,14243.9,3.6448,0.1589,3.1701,3.3005
2018-10-01,14257.6,3.3047,0.0962,2.4959,3.2002
2018-11-01,14288.4,3.172,0.216,1.9007,2.8214
2018-12-01,14392.0,3.6343,0.7251,4.2243,3.6958
2019-01-01,14460.2,4.0123,0.4739,5.8063,4.1379
2019-02-01,14506.6,3.9915,0.3209,6.2498,4.0525
2019-03-01,14559.5,3.8888,0.3647,4.7373,4.4805
2019-04-01,14594.0,3.9844,0.237,3.7529,4.7746
2019-05-01,14703.2,4.3446,0.7483,5.5322,5.8904
2019-06-01,14798.8,4.7095,0.6502,6.7383,5.733
2019-07-01,14882.7,5.0296,0.5669,8.1508,5.929
2019-08-01,14974.4,5.2956,0.6162,7.5846,6.5535
2019-09-01,15047.2,5.6396,0.4862,6.885,6.8116
2019-10-01,15185.6,6.5088,0.9198,8.3929,8.2718
2019-11-01,15301.3,7.089,0.7619,9.0224,8.3011
2019-12-01,15351.5,6.6669,0.3281,8.3379,7.609
2020-01-01,15425.0,6.6721,0.4788,6.4567,7.4204
2020-02-01,15492.8,6.7983,0.4395,5.1009,7.0437
2020-03-01,16034.4,10.1302,3.4958,19.0166,13.5518
2020-04-01,17064.0,16.9248,6.4212,49.7693,26.2693
2020-05-01,17931.9,21.9592,5.0861,79.4674,37.3397
2020-06-01,18180.0,22.8478,1.3836,65.2588,40.2446
2020-07-01,18331.4,23.1725,0.8328,33.1862,41.2345
2020-08-01,18413.3,22.9652,0.4468,11.1786,41.2549
2020-09-01,18605.0,23.6443,1.0411,9.684,34.6337
2020-10-01,18759.9,23.5374,0.8326,9.6831,20.8647
2020-11-01,19002.4,24.1881,1.2927,13.4246,12.296
2020-12-01,19119.4,24.5442,0.6157,11.5266,10.6014
2021-01-01,19375.3,25.6097,1.3384,13.7815,11.7135
2021-02-01,19641.4,26.7776,1.3734,14.1447,13.7841
2021-03-01,19874.5,23.9491,1.1868,16.7583,14.1125
2021-04-01,20174.1,18.2261,1.5075,17.5393,15.6451
2021-05-01,20457.2,14.0827,1.4033,17.6779,15.8979
2021-06-01,20472.1,12.6078,0.0728,12.5809,14.6506
2021-07-01,20629.1,12.5342,0.7669,9.3313,13.361
2021-08-01,20843.2,13.1964,1.0379,7.7638,12.6118
2021-09-01,20984.5,12.7896,0.6779,10.3939,11.482
2021-10-01,21163.3,12.8114,0.8521,10.7675,10.0471
2021-11-01,21340.1,12.3021,0.8354,9.8824,8.8179
2021-12-01,21502.0,12.4617,0.7587,10.2354,10.3146
2022-01-01,21646.4,11.7216,0.6716,9.4483,10.106
2022-02-01,21724.7,10.6067,0.3617,7.4062,8.6373
2022-03-01,21787.2,9.6239,0.2877,5.412,7.7967
2022-04-01,21767.6,7.8987,-0.09,2.2585,5.7924
2022-05-01,21717.4,6.1602,-0.2306,-0.1343,3.5673
2022-06-01,21646.7,5.7376,-0.3255,-2.5547,1.3505
2022-07-01,21649.2,4.945,0.0115,-2.158,0.0259
2022-08-01,21641.9,3.8319,-0.0337,-1.3834,-0.7608
2022-09-01,21541.3,2.6534,-0.4648,-1.9335,-2.2446
2022-10-01,21464.1,1.4213,-0.3584,-3.3764,-2.7691
2022-11-01,21409.4,0.3247,-0.2548,-4.2285,-2.8163
2022-12-01,21293.1,-0.9715,-0.5432,-4.5298,-3.2403
2023-01-01,21274.0,-1.7204,-0.0897,-3.4959,-3.4361
2023-02-01,21240.2,-2.2302,-0.1589,-3.124,-3.6778
2023-03-01,20942.3,-3.878,-1.4025,-6.4289,-5.4841
2023-04-01,20758.3,-4.6367,-0.8786,-9.3494,-6.4684
2023-05-01,20829.6,-4.088,0.3435,-7.5112,-5.343
2023-06-01,20798.9,-3.9165,-0.1474,-2.711,-4.588
2023-07-01,20792.2,-3.9586,-0.0322,0.6548,-4.4782
2023-08-01,20782.0,-3.9733,-0.0491,-0.911,-4.2679
2023-09-01,20753.6,-3.6567,-0.1367,-0.8684,-1.794
2023-10-01,20737.5,-3.3852,-0.0776,-1.0482,-0.2003
2023-11-01,20749.7,-3.0814,0.0588,-0.6202,-0.7657
2023-12-01,20779.9,-2.4102,0.1455,0.5079,-0.1826
2024-01-01,20835.5,-2.0612,0.2676,1.9037,0.4169
2024-02-01,20921.7,-1.4995,0.4137,3.3572,1.349
2024-03-01,20965.9,0.1127,0.2113,3.6287,2.0564
2024-04-01,20955.5,0.95,-0.0496,2.3237,2.1135
2024-05-01,21021.7,0.9222,0.3159,1.9256,2.6389
2024-06-01,21070.7,1.3068,0.2331,2.0145,2.8184
2024-07-01,21098.8,1.4746,0.1334,2.7635,2.5434
2024-08-01,21191.9,1.9724,0.4413,3.2781,2.5996
2024-09-01,21275.5,2.5147,0.3945,3.9449,2.9752
2024-10-01,21336.7,2.8895,0.2877,4.5871,3.6713
2024-11-01,21454.8,3.3981,0.5535,5.0554,4.163
2024-12-01,21487.6,3.4057,0.1529,4.0477,3.9963
2025-01-01,21539.2,3.3774,0.2401,3.8507,4.2182
2025-02-01,21607.2,3.2765,0.3157,2.8717,3.9578
2025-03-01,21684.1,3.4256,0.3559,3.7084,3.8779
2025-04-01,21770.9,3.8911,0.4003,4.3728,4.1114
2025-05-01,21836.2,3.8746,0.2999,4.3072,3.587
2025-06-01,21942.7,4.1384,0.4877,4.8563,4.2808
2025-07-01,22025.5,4.3922,0.3773,4.7605,4.5665
2025-08-01,22092.5,4.2497,0.3042,4.7783,4.5425
2025-09-01,22176.1,4.233,0.3784,4.3231,4.5894
2025-10-01,22249.8,4.2795,0.3323,4.1361,4.4478
2025-11-01,22279.8,3.8453,0.1348,3.4346,4.1042
2025-12-01,22355.3,4.0381,0.3389,3.2717,3.7961
2026-01-01,22420.1,4.0898,0.2899,3.0969,3.6152
2026-02-01,22620.3,4.6887,0.8929,6.2547,4.8352
2026-03-01,22676.1,4.5748,0.2467,5.8648,4.5602
2026-04-01,22799.9,4.7265,0.5459,6.9502,5.0059
2026-05-01,23055.6,5.5843,1.1215,7.9226,7.0854
2026-06-01,23155.2,5.5258,0.432,8.7228,7.2843
